State,AN,AP,AR,AS,BR,CH,CT,DN,DL,GA,GJ,HR,HP,JK,JH,KA,KL,LA,LD,MP,MH,MN,ML,MZ,NL,OR,PY,PB,RJ,SK,TN,TG,TR,UP,UT,WB,Miscellaneous,Total
Sat Jan 16 00:00:00 GMT+05:30 2021,225,18412,829,3528,18169,265,5592,123,4319,426,10787,5589,1517,2044,3096,13594,8062,79,21,9219,18328,585,509,314,561,13746,274,1319,9279,120,2945,3653,355,21291,2276,9730,0,191181
Mon Jan 18 00:00:00 GMT+05:30 2021,442,46680,2805,5542,33389,265,10872,123,7968,426,10787,17642,4817,3375,6059,66392,15477,119,201,18174,18582,978,530,554,1436,46506,554,3318,23546,120,16462,17408,1736,22644,4237,29866,14017,454049
Tue Jan 19 00:00:00 GMT+05:30 2021,644,58495,2805,7418,42085,469,10872,208,12441,426,17581,24944,5049,4395,8824,80686,23855,119,369,18174,30247,111,1037,1091,2286,55138,719,5567,30761,350,25251,69405,3734,22644,6107,42093,14017,630417
Wed Jan 20 00:00:00 GMT+05:30 2021,644,91778,3023,7585,47433,469,16255,219,12902,426,21832,30402,5094,4414,11641,121466,24269,240,369,27770,52055,1454,1365,1508,2988,68743,759,7607,32379,573,33670,69405,3734,22644,6119,46310,26940,806484
Thu Jan 21 00:00:00 GMT+05:30 2021,1032,115365,4682,10676,63541,753,22171,278,18844,426,34865,45893,5790,6847,11641,138807,35173,240,369,38278,52393,1454,1785,2537,3187,113623,759,12532,32379,773,42947,97087,9272,22644,8206,53988,32297,1043534
Fri Jan 22 00:00:00 GMT+05:30 2021,1466,133298,5956,13881,63620,1157,22259,356,18844,946,46150,62142,9609,9827,14806,184699,47293,401,552,38278,74960,1923,2078,3657,3443,130007,1097,21340,43947,960,51651,110031,14252,123761,10514,84505,36926,1390592
Sat Jan 23 00:00:00 GMT+05:30 2021,1998,147030,6511,13881,76125,1502,28732,628,25811,1561,78466,71297,13544,11647,14806,188971,53529,558,633,38278,99885,2319,2236,3979,3443,152371,1478,30319,67270,960,59226,110031,14252,123761,10514,84505,40144,1582201
Sun Jan 24 00:00:00 GMT+05:30 2021,2019,147030,6511,13881,76125,1502,28732,628,25811,1561,78466,72204,13544,11647,14806,191449,53529,558,633,38278,99885,2319,2236,3979,3443,152371,1478,31327,93525,960,61720,110031,14252,123761,10514,84505,40284,1615504
Mon Jan 25 00:00:00 GMT+05:30 2021,2369,156120,7307,19837,88450,1928,40025,665,33219,1796,91927,105419,13544,16173,18413,231172,71973,670,676,67083,136901,2485,2748,4852,3675,177090,1813,39418,161116,1047,69027,130390,19698,123761,14546,122851,43625,2023809
Tue Jan 26 00:00:00 GMT+05:30 2021,2369,156129,7307,19837,88450,1928,40025,665,33219,1796,91927,105419,13544,16173,18413,231607,71973,670,676,67083,136901,2485,2748,4852,3675,177090,1813,39418,161332,1047,73953,130425,19698,123761,14546,122851,43675,2029480
Wed Jan 27 00:00:00 GMT+05:30 2021,2385,163727,7307,19945,89074,2355,51647,665,39764,2311,94524,109782,14054,16331,24020,267811,82970,818,746,131679,179509,2855,3249,6142,3973,178227,1813,44708,237137,1320,82039,130425,19698,123761,14690,158193,46325,2355979
Thu Jan 28 00:00:00 GMT+05:30 2021,2656,171683,8656,28918,107174,2764,62115,779,48008,2882,162616,115968,18848,22401,24315,286089,106583,818,746,195187,220587,2855,3870,6728,3973,194058,1813,50977,257833,1776,88467,151246,24302,294959,19517,187485,48401,2928053
Fri Jan 29 00:00:00 GMT+05:30 2021,2727,179038,9265,36932,110396,2977,62529,940,48008,3391,221675,123935,22918,26634,33119,307891,135835,989,746,246181,261320,3399,4200,8497,3973,205200,2299,54988,324973,2020,97126,166606,27617,463793,25818,221994,50078,3500027
Sat Jan 30 00:00:00 GMT+05:30 2021,2727,187252,9651,38106,146015,3447,72704,1083,56818,4117,246054,125898,27734,26634,40726,315370,158687,1128,807,298376,269064,3987,4324,9346,3993,206424,2736,57499,329611,2020,105821,168606,29796,463793,28791,243069,52120,3744334
Sun Jan 31 00:00:00 GMT+05:30 2021,2727,187252,9651,38106,148293,3447,72704,1083,56818,4117,247891,125977,27734,26634,40860,315370,165171,1128,807,298376,269064,3987,4324,9346,3993,206424,2736,57499,330797,2020,105821,168606,29796,463793,31228,243143,52120,3758843
Mon Feb 01 00:00:00 GMT+05:30 2021,2727,187252,9791,39724,184215,3803,76705,1273,64711,4509,256097,126759,33434,26634,48057,316228,193925,1234,807,298376,310825,4373,4564,9932,3998,207462,2988,59285,333930,2166,112687,168771,31190,463793,37505,266407,54019,3950156
Tue Feb 02 00:00:00 GMT+05:30 2021,2727,187252,9791,42435,222153,4019,79676,1336,74068,5422,287852,127893,39570,26634,55671,316368,224846,1234,807,298376,318744,4739,4694,9932,4093,208205,3077,61381,339218,2647,120745,170043,32196,463793,43430,288245,55606,4138918
Wed Feb 03 00:00:00 GMT+05:30 2021,2772,215171,9846,43607,264097,4399,101564,1487,81433,6326,311251,129866,43926,26634,67970,316638,246043,1511,807,330722,354633,5872,4806,9995,4244,211346,3222,63663,363521,3425,133434,176732,32340,463793,54153,301091,57212,4449552
Thu Feb 04 00:00:00 GMT+05:30 2021,2938,243243,10889,60556,312339,4782,131173,1636,90927,7193,348183,133637,48360,34475,75205,330112,270992,1511,807,339386,389577,6095,5469,10044,4405,234923,3222,67861,384810,4264,145928,188279,35191,589101,62858,320668,58406,4959445
Fri Feb 05 00:00:00 GMT+05:30 2021,3161,272190,11834,77225,354360,5234,150487,1888,100079,7939,394416,137706,51555,41624,85580,360592,286132,1745,831,340625,434943,6874,6213,10555,4515,235680,3532,72855,414422,5139,157324,193667,37359,673542,70292,344227,60507,5416849
Sat Feb 06 00:00:00 GMT+05:30 2021,3161,299649,12346,87269,374538,5645,168881,2212,109589,8257,438573,139068,54573,49419,95934,386186,291852,1987,839,342016,473480,8256,6859,10937,4535,275055,3532,76430,459652,5372,166408,209104,40347,673542,73762,354000,62057,5775322
Sun Feb 07 00:00:00 GMT+05:30 2021,3397,299649,12346,88585,380229,5645,168881,2212,109589,8257,451002,139129,54573,49419,106577,388769,292342,1987,839,342016,473480,8334,6859,10937,4535,276323,3532,76430,460994,5372,166408,209104,40405,673542,74607,354000,62057,5812362
Mon Feb 08 00:00:00 GMT+05:30 2021,3397,314316,13479,99889,397555,6027,184733,2295,119329,8352,505960,169055,58031,61035,124505,415403,307998,2234,868,379251,512476,9989,7662,10937,4973,315725,3881,82127,487848,6007,175027,229027,45674,673542,79283,377608,63510,6259008
Tue Feb 09 00:00:00 GMT+05:30 2021,3413,325538,13480,108887,415989,6458,198567,2540,132046,8929,572412,180663,61271,74219,143401,441692,322016,2309,920,380285,536436,11078,9069,11046,5826,342254,4301,87181,491543,6961,185577,243665,51449,673542,85359,404001,67238,6611561
Wed Feb 10 00:00:00 GMT+05:30 2021,3413,335268,13480,110977,430307,6903,216784,3356,146789,9961,614530,183529,66101,74219,160492,464485,326246,2536,920,431702,573681,13747,9760,11046,7167,361623,4770,91669,559990,7808,197392,258122,52908,673542,90483,427042,74366,7017114
Thu Feb 11 00:00:00 GMT+05:30 2021,3454,343813,14322,117607,448903,7374,233126,3728,162596,11391,645439,190390,72191,93570,174080,477005,333560,2761,920,487271,608573,15944,11642,11046,8371,383023,4780,97668,590990,8316,211762,270615,59438,763421,97618,453303,84999,7505010
Fri Feb 12 00:00:00 GMT+05:30 2021,3454,351993,15098,125038,471683,8017,247745,3985,177439,12949,667073,194124,79166,111470,188095,491552,345197,2854,1776,526095,649660,19563,12797,11332,9125,399670,5510,101861,606694,8335,227542,278250,65288,858602,104052,485054,99509,7967647
Sat Feb 13 00:00:00 GMT+05:30 2021,3646,362341,16094,129781,491233,8803,262107,4114,191207,13683,680326,196333,81957,129629,200881,496159,356322,2981,1776,557105,682609,22417,14089,11568,9684,411939,6024,103858,609568,8335,247574,282188,69562,858602,108974,515117,115272,8263858
Sun Feb 14 00:00:00 GMT+05:30 2021,3646,362341,16094,129873,492152,8803,262987,4114,191207,13683,683903,196352,81957,129629,208391,496234,358575,2981,1776,557105,682933,22895,14089,11754,9818,412046,6024,103858,610088,8335,247574,282188,69562,858602,110326,516952,116448,8285295
Mon Feb 15 00:00:00 GMT+05:30 2021,4029,376444,18187,132475,509026,9356,287224,4394,206172,13683,699352,204984,84294,147449,221747,512476,370937,2981,1776,575728,713133,25771,16223,12557,11942,426790,6513,107854,627710,8543,269219,293442,75305,934962,116702,555120,136322,8720822
Tue Feb 16 00:00:00 GMT+05:30 2021,4029,390665,18187,135419,510485,10008,302990,4647,221225,13501,711437,205871,87132,162266,229413,534058,388256,3649,1924,576610,740831,29038,18226,12557,16234,428471,6957,111952,637021,9148,290248,332847,75415,934962,121726,556450,165375,8999230
Wed Feb 17 00:00:00 GMT+05:30 2021,4227,411783,18187,137224,518095,10860,318380,5811,236562,14046,717244,209684,91805,162266,240212,565093,395187,4146,1924,597537,781800,33525,21691,13561,18252,439390,7354,115282,760075,9760,309377,333235,77926,934962,126719,573746,205300,9422228
Thu Feb 18 00:00:00 GMT+05:30 2021,4842,438766,21300,146748,540107,11804,336131,6341,260979,14218,839199,220266,158939,181551,247447,582691,410849,4726,1924,611640,839566,36735,22281,15115,21059,482613,8115,121774,762913,10500,329817,353113,85796,1070895,130700,607535,249012,10188007
Fri Feb 19 00:00:00 GMT+05:30 2021,5348,469815,23559,157532,550433,12647,346550,6795,285300,15020,856657,226709,164024,195122,256735,629420,425053,5363,1924,626391,860386,40019,22901,16634,24022,501713,9126,129470,799719,11800,350283,366328,92176,1152042,135452,650976,291760,10715204
Sat Feb 20 00:00:00 GMT+05:30 2021,6152,493471,23743,164309,561343,13748,361225,7131,311410,16183,882070,232295,106973,207426,263959,654298,437893,6231,1924,644583,922728,41926,24506,16868,25435,533093,10104,136288,821059,12565,370846,368132,93956,1152042,138054,683057,338147,11085173
Sun Feb 21 00:00:00 GMT+05:30 2021,6152,503323,23743,165804,561857,13748,361950,7131,311410,16183,883118,232295,107197,207426,266015,655375,438113,6427,1924,644583,926466,41926,24506,16868,25435,533093,10104,136796,821059,12565,370846,368132,93956,1152042,138550,689164,341572,11116854
Mon Feb 22 00:00:00 GMT+05:30 2021,7312,529820,26650,179102,582950,15287,378902,7292,338629,16811,897666,255613,108690,219859,274733,693964,461929,7220,2924,675401,985955,43597,26958,18801,27809,566142,10337,148066,844893,14159,385600,387301,99320,1226775,143318,743590,392177,11745552
Tue Feb 23 00:00:00 GMT+05:30 2021,7583,556810,27916,190374,592457,17003,389026,7351,359095,17084,905054,268853,110279,228195,282134,727360,476808,7979,2964,676960,1029363,45401,29390,20805,29804,577646,10450,157585,878043,15694,400400,387549,102138,1226775,147300,801677,454293,12165598
Wed Feb 24 00:00:00 GMT+05:30 2021,7762,592903,27930,195420,600795,18562,405883,7425,377694,18300,910683,271497,111699,228195,289872,765669,493269,8947,2983,724350,1087111,48232,29448,23674,32336,584948,10459,166693,931222,16931,414827,389970,102752,1226775,151002,886491,508454,12671163
Thu Feb 25 00:00:00 GMT+05:30 2021,8419,634449,30524,211037,624386,20462,421991,7994,396639,19793,958094,289033,117764,243885,299779,789208,530474,9501,3041,780465,1142290,51177,30210,25831,34116,612802,10479,181892,950386,17858,429255,398078,108014,1370739,154994,993106,564478,13472643
Fri Feb 26 00:00:00 GMT+05:30 2021,8556,668944,32120,223581,639370,22602,429625,8442,409959,20794,1001170,293824,122428,257072,308208,818722,587311,10055,3078,811316,1202180,54965,32191,27656,35303,618821,11144,190800,1023207,18312,445328,419791,110978,1480983,161786,1106181,625744,14242547
Sat Feb 27 00:00:00 GMT+05:30 2021,8556,668944,32120,223581,639370,22602,429625,8442,409959,20794,1001170,293824,122428,257072,308208,818722,587311,10055,3078,811316,1202180,54965,32191,27656,35303,618821,11144,190800,1023207,18312,445328,419791,110978,1480983,161786,1106181,684463,14301266
Sun Feb 28 00:00:00 GMT+05:30 2021,8556,668944,32120,223581,639370,22602,429625,8442,409959,20794,1001170,293824,122428,257072,308208,818722,587311,10055,3078,811316,1202180,54965,32191,27656,35303,618821,11144,190800,1023207,18312,445328,419791,110978,1480983,161786,1106181,684463,14301266
Mon Mar 01 00:00:00 GMT+05:30 2021,9137,683633,34881,230799,643349,24323,443837,8255,425480,22943,1070108,299672,128093,268556,316296,823660,625123,10055,3212,855097,1237004,56458,33122,29513,35830,640735,11766,200044,1109553,19398,480411,424274,113770,1488421,165512,1124158,757658,14854136
Tue Mar 02 00:00:00 GMT+05:30 2021,9501,699364,37031,251303,660596,24265,460063,8953,446757,26408,1171503,308375,134004,280141,327579,836350,662713,10055,3216,855097,1285081,60396,34581,33466,37110,668498,12589,209370,1261773,20430,522054,435329,117869,1488421,174562,1192882,853064,15620749
Wed Mar 03 00:00:00 GMT+05:30 2021,9501,722601,37162,270406,692382,26991,490690,10005,471811,30501,1229465,314562,140098,280141,344920,857102,701514,10478,3216,926206,1368909,64089,36212,37386,39576,696758,14845,221415,1490232,21918,588391,450803,119631,1488421,185793,1279958,941959,16616048
Thu Mar 04 00:00:00 GMT+05:30 2021,9501,748938,40830,316106,742349,29841,535205,10967,499770,35482,1421761,333415,149904,299418,361482,879036,810847,12884,3216,998891,1471450,66423,37921,40058,41140,754651,16562,235698,1609343,24030,669417,472010,125814,1592712,206358,1376553,1025520,18005503
Fri Mar 05 00:00:00 GMT+05:30 2021,11119,785878,43918,357619,788907,32619,580137,12095,526827,39766,1605119,353760,159871,318648,382065,909602,902858,14499,3300,1009607,1597458,69755,41924,40975,41895,778730,17501,252855,1891118,26993,761625,486049,132681,1701661,225030,1487060,1106180,19497704
Sat Mar 06 00:00:00 GMT+05:30 2021,11842,834025,45667,394401,842232,35350,632750,13226,560074,43051,1764981,364996,167981,339224,400122,939498,1003309,16734,3470,1092767,1744420,73414,44883,42197,42669,822112,18847,266977,2131443,28862,847097,510904,135221,1711715,242892,1580799,1172192,20922344
Sun Mar 07 00:00:00 GMT+05:30 2021,12052,834025,45667,405394,842232,35350,634650,13226,560074,43058,1765707,365652,170453,339224,406256,939926,1020994,16734,3470,1092767,1746065,73494,44950,42197,42669,822112,18847,268445,2136249,28862,847097,510904,135221,1711715,243782,1591868,1177622,20989010
Mon Mar 08 00:00:00 GMT+05:30 2021,12888,882244,48474,441699,1044369,38806,683738,13998,595812,46801,1953148,398307,179244,364801,429593,1013195,1129691,19308,3638,1176332,1940369,76829,47688,44090,45469,907996,20618,288104,2326975,32491,957348,556978,144674,1918329,266326,1730022,1228341,23008733
Tue Mar 09 00:00:00 GMT+05:30 2021,13470,930160,50384,469387,1120131,41600,724260,14652,630051,50409,2117257,432755,203367,392481,454795,1071038,1233572,22232,3968,1182631,2089146,79030,50348,47161,47679,971925,22078,307545,2387797,35709,1037824,594178,152946,1935522,289273,1889064,1272081,24367906
Wed Mar 10 00:00:00 GMT+05:30 2021,13797,973239,50384,488139,1179290,44467,774763,15556,660991,54615,2162924,451769,213581,392369,473087,1163844,1289216,25438,3968,1287974,2317696,81412,52915,51087,50281,1016936,24007,324667,2510918,39650,1124724,623634,154910,1956508,304698,2025599,1305958,25685011
Thu Mar 11 00:00:00 GMT+05:30 2021,14288,981721,53386,508981,1179290,45417,779548,15556,690432,56843,2173745,461696,214288,393368,489014,1183958,1346252,28431,3968,1287974,2398401,83002,56087,52866,52980,1020207,25558,330945,2511418,43489,1205185,623634,156732,1959312,307971,2092262,1336715,26164920
Fri Mar 12 00:00:00 GMT+05:30 2021,14874,1031926,55709,528177,1314865,48034,828187,16688,721007,62173,2347875,501916,236593,393819,520034,1300162,1469270,31047,3968,1294814,2653357,85654,58342,54231,54026,1098111,27331,350687,2698263,46273,1298251,623634,169109,2289466,337620,2291486,1361478,28218457
Sat Mar 13 00:00:00 GMT+05:30 2021,15203,1077813,57056,538913,1400949,50592,885989,17166,760860,66143,2485153,520425,243459,436651,546459,1357062,1541348,33650,5093,1465605,2783323,86691,59914,54787,54575,1162949,29319,368130,2894730,46529,1384184,647167,172977,2314913,355592,2421424,1395616,29738409
Sun Mar 14 00:00:00 GMT+05:30 2021,15203,1077813,57056,539254,1400949,50714,892668,17166,760860,66143,2496697,522363,245092,436651,564641,1373224,1548683,34140,5093,1465605,2832150,86691,59914,54787,54715,1162949,29319,368464,2898900,46529,1384184,675916,173490,2320154,357156,2435983,1396722,29908038
Mon Mar 15 00:00:00 GMT+05:30 2021,15203,1077813,57056,539254,1400949,50714,892668,17166,760860,66143,2496697,522363,245092,436651,564641,1373224,1548683,34140,5093,1465605,2832150,86691,59914,54787,54715,1162949,29319,368464,2898900,46529,1384184,675916,173490,2320154,357156,2435983,1396722,29908038
Tue Mar 16 00:00:00 GMT+05:30 2021,16194,1235282,62168,580695,1564107,56017,1035067,19032,839039,77336,2812023,748896,295678,520296,642316,1676300,1836215,38532,5508,1663861,3329387,91730,65312,59344,61200,1384942,34565,418671,3347703,51663,1606931,742019,213483,3143272,418468,2886955,1484329,35064536
Wed Mar 17 00:00:00 GMT+05:30 2021,16194,1316192,62168,590838,1634065,58079,1114501,19883,867433,80576,2853958,763095,305825,520495,680682,1927246,1891431,39946,5791,1866138,3603424,94382,68510,60063,63148,1471316,37769,441390,3684843,54299,1718313,779915,223650,3246323,437067,3017035,1527272,37143255
Thu Mar 18 00:00:00 GMT+05:30 2021,17071,1406055,65786,609827,1725381,60150,1193874,20488,907997,83096,3051001,831953,334837,563379,712901,2026227,2042372,41143,6029,1866138,3804142,96405,72484,61026,65915,1581336,41660,469506,3738737,57215,1840069,832084,254032,3668945,468393,3149350,1572813,39339817
Fri Mar 19 00:00:00 GMT+05:30 2021,17506,1503787,68198,627818,1805604,62242,1264446,21579,937496,86384,3271968,892897,356081,583521,732932,2284199,2179337,42204,6109,1870756,4060333,98913,76656,61619,67353,1688682,44421,504116,4047196,59689,1964650,873635,287600,4008560,500024,3482448,1622433,42063392
Sat Mar 20 00:00:00 GMT+05:30 2021,18132,1611084,69919,645191,1917945,64172,1340490,22324,984265,89508,3514661,907478,366502,599915,873188,2481149,2297176,43249,6197,2228256,4265512,102179,78554,62247,67934,1784847,48565,536408,4274213,61265,2086121,895346,316751,4126506,517251,3630910,1668431,44603841
Sun Mar 21 00:00:00 GMT+05:30 2021,18132,1611084,69919,647269,1917945,64324,1341500,22324,984655,89508,3721583,908001,367998,599915,1025942,2502109,2303253,43283,6197,2228256,4278482,102358,78554,62247,67934,1784847,48565,546252,4288901,61265,2086121,895346,321731,4132135,519927,3649705,1668431,45065998
Mon Mar 22 00:00:00 GMT+05:30 2021,18990,1741878,73426,678659,2013059,66213,1407109,22992,1030717,92961,3950792,1157363,377766,636258,1065437,2730456,2432273,44270,6293,2662634,4554836,105281,82565,62833,72971,1881914,52198,578459,4541540,63671,2238755,924491,374423,4533871,549601,3941280,1726359,48494594
Tue Mar 23 00:00:00 GMT+05:30 2021,19752,1850350,75474,810619,2137083,67704,1445038,23710,1069727,95834,4186828,1200479,400742,661497,1226703,2846344,2558544,44882,6396,2666064,4743837,108093,86594,63607,76680,1960727,55132,609246,4752984,66768,2343912,1010596,416118,4653705,576935,4125209,1797373,50841286
Wed Mar 24 00:00:00 GMT+05:30 2021,20002,1972034,75593,837127,2245036,69333,1488934,24338,1094429,99012,4381814,1213650,413195,661497,1343628,3029544,2618851,45161,6463,2932338,5014774,110782,89214,63939,78847,2022037,60041,636820,4994574,68762,2438253,1050167,483997,4756799,595970,4250140,1858614,53145709
Thu Mar 25 00:00:00 GMT+05:30 2021,20672,2113981,78893,926350,2381773,71036,1548906,24847,1134632,101947,4638762,1261799,452090,697295,1384075,3123952,2772545,45347,6490,3074924,5228897,113040,93407,64550,80469,2095217,62839,666395,5057509,70523,2537202,1088309,553795,5022608,624095,4372367,1912902,55504440
Fri Mar 26 00:00:00 GMT+05:30 2021,20991,2219053,81533,986804,2519873,72714,1615013,25797,1156546,105072,4908715,1302677,473658,726236,1447288,3285829,2904945,45559,6576,3078673,5494759,116224,95924,65731,81417,2167956,65578,695676,5307621,72309,2645814,1128632,643117,5240969,649500,4688172,1966822,58109773
Sat Mar 27 00:00:00 GMT+05:30 2021,21361,2341955,83450,1004038,2634237,74230,1729837,26288,1196875,107720,5158430,1318185,493737,751622,1556332,3400617,3019646,45692,6800,3188497,5726036,118168,96415,65731,81676,2236623,67980,729130,5484184,72309,2751628,1170407,651930,5303442,665684,4865445,2023445,60269782
Sun Mar 28 00:00:00 GMT+05:30 2021,21361,2350279,83450,1004248,2634237,74323,1763175,26288,1196875,107720,5250880,1319400,493737,751622,1563421,3416179,3031610,45692,6800,3188497,5746602,118222,96426,65731,81676,2236623,67980,742627,5484184,72309,2751628,1175476,658047,5303530,665821,4866734,2067025,60530435
Mon Mar 29 00:00:00 GMT+05:30 2021,21361,2408323,83808,1006703,2634237,74323,1763175,26288,1197227,108602,5262906,1319400,494695,777848,1563852,3552038,3181620,45692,6800,3188497,5782665,118291,97582,65848,81694,2236623,70124,754354,5484184,72309,2871513,1175476,658047,5303530,665821,4888625,2069273,61113354
Tue Mar 30 00:00:00 GMT+05:30 2021,22088,2504479,85889,1039302,2711697,75953,1818746,27231,1237955,112654,5482050,1482699,522818,803824,1574368,3669473,3339861,45812,6959,3191792,5993126,119573,99837,66312,85287,2326922,70258,792329,5582172,73286,2952311,1262125,687224,5328419,683007,5091103,2085412,63054353
Wed Mar 31 00:00:00 GMT+05:30 2021,22088,2605169,85889,1048974,2834138,77581,1942105,28066,1265652,115750,5700174,1591599,532053,803824,1596433,3811007,3401918,46010,6959,3356666,6209337,120838,101476,66666,87247,2411021,74165,842448,5721312,73741,3031631,1295814,697346,5398684,698899,5230166,2185050,65117896
Thu Apr 01 00:00:00 GMT+05:30 2021,22874,2735502,93159,1083743,3045053,81080,2177113,31607,1336753,120405,6165176,1701800,577581,845825,1622995,3946936,3490134,50322,7220,3735986,6519976,122535,105602,68024,89515,2614183,76570,920846,6005903,77892,3114623,1358395,719751,5697787,739961,5419269,2267042,68789138
Fri Apr 02 00:00:00 GMT+05:30 2021,22867,2907602,100226,1167124,3121393,84815,2517456,37754,1429913,130175,6578274,1714570,595692,889734,1746722,4298094,3720447,56108,7521,3903340,7027500,115544,120146,71868,83771,2699452,77771,1090090,6151585,79904,3101478,1394119,709385,6428073,826674,5772282,2274826,73054295
Sat Apr 03 00:00:00 GMT+05:30 2021,23432,3007468,104436,1206058,3232560,88663,2694062,41350,1498767,133818,6923008,1758592,614864,922562,1772016,4488656,3850005,59917,7789,4083671,7354244,118645,121519,71987,83991,2823310,81457,1170962,6431601,80654,3151678,1446502,721108,6643096,870905,5958488,2337810,75979651
Sun Apr 04 00:00:00 GMT+05:30 2021,24076,3053542,106266,1220939,3374210,91346,3010589,44368,1583047,136166,7390435,1804230,633532,951366,1868402,4608184,3884224,62607,8089,4227270,7686921,119351,121804,72030,84131,3119381,83053,1252548,6868626,80856,3186597,1485476,730512,6761287,916548,6112805,2340349,79105163
Mon Apr 05 00:00:00 GMT+05:30 2021,25217,3179087,107592,1276382,3581314,94887,3120741,49122,1672538,141025,7689507,1913936,670976,981646,1951497,4823777,4030982,65874,8196,4463488,8127248,120672,121588,73566,86221,3287050,85421,1328236,7299305,83797,3205778,1554772,746306,7198372,985663,6541370,2417777,83110926
Tue Apr 06 00:00:00 GMT+05:30 2021,26850,3266611,112266,1320944,3885397,98293,3299718,53776,1755989,145788,8017741,2002989,737077,1047649,2006269,4997921,4059464,68062,9052,4671069,8559317,123203,126236,78364,90103,3508480,86099,1416310,7815333,90511,3239421,1617774,759840,7641485,1061735,6873489,2406849,87077474
Wed Apr 07 00:00:00 GMT+05:30 2021,28269,3389990,114031,1344908,4026169,101739,3427849,56843,1799406,150177,8147689,2036392,778402,1095745,2080318,5230642,4149413,70021,9719,4973398,8949560,125612,129891,82170,94224,3617561,87581,1478280,8287840,95185,3292109,1685242,767029,7847622,1114026,7055520,2478101,90198673
Thu Apr 08 00:00:00 GMT+05:30 2021,30799,3497015,120397,1405680,4167453,105815,3708378,60292,1897553,155376,8475305,2119853,841809,1177901,2135148,5463774,4356951,71259,10737,5234644,9338531,128096,135237,86987,97863,3769153,90099,1571245,8807351,104473,3402198,1783357,785861,8145161,1182912,7312694,2556905,94334262
Fri Apr 09 00:00:00 GMT+05:30 2021,33217,3571233,126477,1454577,4233789,110149,3936404,64160,1956793,162064,8774240,2212582,891278,1240780,2162629,5789180,4575600,71960,11686,5362159,9632724,130961,139127,92678,100533,3956246,93096,1672868,9245238,112414,3533869,1898374,803168,8397204,1243782,7674634,2607287,98075160
Sat Apr 10 00:00:00 GMT+05:30 2021,35447,3806708,131304,1486294,4494404,115008,4128448,67908,2062711,171132,9056842,2283954,942832,1286563,2261611,6067099,4763853,72431,12703,5465121,9923534,132204,141326,95229,101480,4091351,96737,1769971,9565308,115201,3666549,2060865,812288,8493959,1283673,7891650,2641449,101595147
Sun Apr 11 00:00:00 GMT+05:30 2021,37671,3893003,135099,1498729,4748226,118155,4304100,70523,2145740,178390,9260284,2382673,983910,1322368,2360166,6209024,4830669,73397,13284,5839231,10192353,134396,142445,95857,105854,4214184,103546,1845259,9716352,117171,3715293,2161735,819107,8825419,1308881,7982640,2643431,104528565
Mon Apr 12 00:00:00 GMT+05:30 2021,42285,3913719,144244,1531037,4954731,122941,4462959,74111,2235927,188088,9498866,2526694,1051232,1390936,2429885,6407325,5098184,74608,13796,6247108,10529376,137679,146626,105078,113941,4356095,114551,1938988,9925581,126124,3881778,2292129,832935,9359564,1362066,8226026,2675872,108533085
Tue Apr 13 00:00:00 GMT+05:30 2021,48901,3918529,151893,1550113,5050288,126849,4560518,76065,2304986,192556,9705299,2658779,1111867,1420799,2506678,6446477,5267532,75319,14571,6561386,10753947,139978,152855,113106,120854,4444241,129271,2002937,10080932,135661,4021060,2318292,842397,9719899,1403195,8345753,2705795,111179578
Wed Apr 14 00:00:00 GMT+05:30 2021,55598,4563073,158211,1553903,5227880,130380,4634774,77860,2377014,203223,9867541,2805840,1157929,1452764,2596645,6550424,5287484,75905,15308,6890145,11125434,142931,157493,123060,128132,4527911,138153,2080678,10224579,141777,4110452,2452956,845229,10028839,1432077,8443337,2708299,114493238
Thu Apr 15 00:00:00 GMT+05:30 2021,60898,4597577,161283,1555461,5356134,134563,4680586,79439,2454965,213142,10028842,2875265,1192543,1500693,2641246,6705031,5497016,76472,16144,7058738,11512728,145490,163271,135583,133049,4685831,148389,2166051,10360331,148555,4323754,2622516,845296,10273996,1466970,8468838,2736823,117223509
Fri Apr 16 00:00:00 GMT+05:30 2021,67734,4603804,166715,1564490,5428037,139146,4750060,81476,2504094,224984,10165603,2957810,1241589,1544674,2682040,6910399,5681972,76968,16586,7115737,11886859,148635,167553,148073,137639,4795020,157494,2261624,10523372,155296,4532483,2802424,862658,10538702,1519067,8609305,2767519,119937641
Sat Apr 17 00:00:00 GMT+05:30 2021,74108,4607975,170942,1586438,5579469,143254,4870577,83143,2572717,237156,10337448,3022952,1278089,1589252,2734217,7192628,5832553,77819,17251,7305314,12139453,152135,169475,154038,139051,4865265,163766,2352518,10698771,160123,4670781,2952910,880367,10712739,1565437,8740073,2792386,122622590
Sun Apr 18 00:00:00 GMT+05:30 2021,78236,4613024,172669,1597535,5687553,145600,4957157,83679,2621295,244577,10451246,3066316,1289500,1622150,2775433,7296771,5870232,77857,18224,7329901,12273973,153124,169578,154183,140106,4930367,165647,2418132,10884806,161058,4711901,2960305,886131,10718375,1568172,8764173,2793580,123852566
Mon Apr 19 00:00:00 GMT+05:30 2021,83085,4756984,180287,1677769,5838127,149987,5043710,84945,2682165,253784,10620832,3163013,1328663,1688397,2807893,7543325,6026805,80595,18482,7507451,12650266,157711,174713,164833,148681,5072765,168672,2508073,11192119,166609,4814662,3132747,910346,10909765,1628191,8976743,2815918,127129113
Tue Apr 20 00:00:00 GMT+05:30 2021,86926,4927736,186071,1771560,5965675,154584,5102952,86395,2732522,264363,10807438,3242458,1378686,1753277,2849025,7768994,6243833,84637,19011,7542949,12945000,162117,180632,174379,155195,5194381,170810,2595020,11451137,171142,4892488,3272989,934015,11120780,1678639,9211156,2840338,130119310
Wed Apr 21 00:00:00 GMT+05:30 2021,89072,4968504,190500,1825312,6057811,158565,5146710,87079,2787132,272843,10938424,3287861,1400847,1801471,2877574,7958245,6353754,88453,19786,7566383,13279970,167554,185239,180829,162418,5306252,173769,2658091,11650301,172465,4965949,3395125,941698,11259746,1715839,9396277,2842796,132330644
Thu Apr 22 00:00:00 GMT+05:30 2021,91977,5330080,197578,1900839,6171493,163872,5213264,88091,2855750,281429,11099586,3345415,1451370,1856995,2902019,8191052,6504117,91310,20206,7738469,13675149,171785,194776,194136,169219,5399333,176558,2715479,11836328,177160,5076978,3606921,953744,11441728,1767551,9558932,2867731,135478420
Fri Apr 23 00:00:00 GMT+05:30 2021,94166,5555014,204542,1961751,6271746,169438,5273022,89186,2892000,289687,11266494,3430557,1497954,1925016,2935512,8446922,6628413,94316,20547,7774348,13999992,174263,203371,206191,171605,5509857,179519,2812254,12010244,182621,5206836,3812192,985264,11623695,1810381,9780926,2889990,138379832
Sat Apr 24 00:00:00 GMT+05:30 2021,96109,5670368,209180,2006178,6362286,174721,5324444,90101,2962253,299238,11436779,3503456,1537524,1997841,2965175,8592858,6827750,96539,21081,7895592,14230213,180379,209522,211142,172277,5527072,181719,2925001,12207892,185449,5328811,4004625,1012251,11777209,1850805,9938711,2903866,140916417
Sun Apr 25 00:00:00 GMT+05:30 2021,97392,5678628,210345,2020742,6437482,178655,5362447,90450,3003495,304009,11538363,3539926,1548489,2043786,2977859,8673594,6847062,96956,21299,7908665,14342716,182546,210172,211237,172647,5530174,182302,2995367,12347953,185895,5351384,4071623,1020935,11783880,1867987,9969252,2905509,141911223
Mon Apr 26 00:00:00 GMT+05:30 2021,99109,5986822,216946,2105788,6558814,184251,5406347,91408,3061554,313027,11721269,3595088,1593316,2127064,3005467,8892708,6991400,100904,21755,7991717,14906543,192280,225514,223439,178196,5618057,185167,3086085,12543221,189953,5484633,4287852,1067301,11947728,1918491,10230498,2921474,145271186
Tue Apr 27 00:00:00 GMT+05:30 2021,100588,6177974,222159,2193900,6662906,190041,5438705,92300,3114865,323227,11901842,3635311,1644503,2187530,3029162,9088473,7107072,103717,21965,8010424,15322367,200765,242595,235159,183203,5694155,187823,3131631,12659815,193834,5626091,4400436,1113957,12061303,1951517,10438235,2937817,147827367
Wed Apr 28 00:00:00 GMT+05:30 2021,101770,6282487,227858,2244119,6762510,196055,5469712,93189,3147918,331731,12054863,3676169,1689860,2256800,3053169,9277544,7144122,105915,22157,8071748,15578162,214237,258998,243917,189765,5743455,190734,3211821,12812973,196919,5741587,4543288,1140674,12169510,1990231,10632087,2952594,150020648
Thu Apr 29 00:00:00 GMT+05:30 2021,102998,6354053,234727,2351160,6870911,201905,5507583,94148,3224939,340743,12252678,3723570,1743167,2311437,3083133,9400389,7229229,107405,22650,8076994,15871153,228344,275100,250446,195429,5779022,193884,3294001,12936911,200586,5845888,4613191,1190622,12355555,2033587,10782136,2965505,152245179
Fri Apr 30 00:00:00 GMT+05:30 2021,104374,6579817,241483,2484613,6968234,208489,5571099,95496,3272128,349718,12458508,3758515,1793402,2348263,3114124,9643472,7377186,108513,23140,8079528,16184823,250314,290726,256096,198814,5857731,197790,3394738,13022322,203966,5947800,4781228,1237738,12559034,2076143,10972478,2977792,154989635